year,term,score
1952,government,0.7169383430498765
1952,people,0.6971365807823441
1952,non,0.5646303757684922
1952,system,0.5592563725795362
1952,years,0.4831377654437279
1952,people,0.36742720107628374
1952,still,0.7689514270510783
1952,first,0.6393072053685223
1952,even,1.0
1952,anc,0.7459652298300095
1952,country,0.6659848916339327
1952,become,0.556959244691429
1952,unity,0.544642321593053
1952,africans,0.5172499122966269
1952,people,0.35442018778790557
1952,work,1.0
