term,score
campaign,1.6437294731101422
people,1.4025448281111208
even,1.0
work,1.0
government,0.7255289031580184
high,0.7185387628551855
going,0.7085546915762225
general,0.7056558998869945
already,0.6954869130864646
non,0.576691779958831
still,0.5709727354454588
become,0.5603734664791917
unity,0.5484618547263013
system,0.5437290034508525
africans,0.5125183809027793
first,0.509512022259798
years,0.4889049779101933
