term,score
people,1.4189839696465334
even,1.0
work,1.0
still,0.7689514270510783
anc,0.7459652298300095
government,0.7169383430498765
country,0.6659848916339327
first,0.6393072053685223
non,0.5646303757684922
system,0.5592563725795362
become,0.556959244691429
unity,0.544642321593053
africans,0.5172499122966269
years,0.4831377654437279
