year,term,score
1952,support,1.0
1952,national,0.643511780102342
1952,non,0.3974489256520186
1952,peoples,0.3793769566029554
1952,continue,0.3733710289648507
1952,struggle,0.2837516322335364
1952,freedom,0.2531386005744342
