year,term,score
1952,support,1.0
1952,national,0.6440689330956365
1952,non,0.3972509797236683
1952,peoples,0.37869603903025156
1952,continue,0.3733698481948296
1952,struggle,0.2837105218590817
1952,freedom,0.2530997329075036
