term,score
campaign,1.6437232524208365
people,1.4025792978309528
even,1.0
work,1.0
government,0.7255262472283487
high,0.7185377592702553
going,0.7085545625188463
general,0.705656029474507
already,0.6954879499336282
non,0.5766842161957144
still,0.5709736137168874
become,0.5603679628195757
unity,0.5484575855040705
system,0.5437250001212612
africans,0.512517836614568
first,0.5095188973255249
years,0.48890689632989676
