year,term,score
1952,government,0.7172429648230535
1952,people,0.6968231693994081
1952,non,0.565135189648779
1952,system,0.5601233383900605
1952,years,0.48205171221407334
1952,people,0.3667563359546673
1952,still,0.7683006452922574
1952,first,0.6400891488249904
1952,even,1.0
1952,anc,0.7467583401055975
1952,country,0.6650954679463188
1952,become,0.5563958875861331
1952,unity,0.5449771154318327
1952,africans,0.5175756768950052
1952,people,0.35431480158118595
1952,work,1.0
