term,score
support,1.0
national,0.6440689330956365
non,0.3972509797236683
peoples,0.37869603903025156
continue,0.3733698481948296
struggle,0.2837105218590817
freedom,0.2530997329075036
