term,score
people,1.4178943069352614
even,1.0
work,1.0
still,0.7683006452922574
anc,0.7467583401055975
government,0.7172429648230535
country,0.6650954679463188
first,0.6400891488249904
non,0.565135189648779
system,0.5601233383900605
become,0.5563958875861331
unity,0.5449771154318327
africans,0.5175756768950052
years,0.48205171221407334
