term,score
support,1.0
national,0.6446104774503201
non,0.3970051997367286
peoples,0.378458067862602
continue,0.373134118546699
struggle,0.2835125252055535
freedom,0.253032156535341
