term,score
campaign,1.6442267051589976
people,1.402408315915794
even,1.0
work,1.0
government,0.7256964946494123
high,0.7202053343346622
going,0.7104266787620305
general,0.7037712228438661
already,0.6937609648833649
non,0.5763021256484686
still,0.570671142012418
become,0.5609461609737793
unity,0.5485843465251574
system,0.5427064849220897
africans,0.5118964565199355
first,0.5092213664352909
years,0.49031997277570055
