term,score
support,1.0
national,0.643511780102342
non,0.3974489256520186
peoples,0.3793769566029554
continue,0.3733710289648507
struggle,0.2837516322335364
freedom,0.2531386005744342
