term,score
people,1.4177799613439381
even,1.0
work,1.0
still,0.7683065120737328
anc,0.7469269905431846
government,0.7173247161811387
country,0.6649060616343496
first,0.6400821068465319
non,0.5651413491511431
system,0.5601289707857015
become,0.5564009271716448
unity,0.5449809952972621
africans,0.5175767737993486
years,0.48204913365593277
