year,term,score
1980,look,0.6162880887289638
1980,constitutional,0.6113599047980857
1980,apartheid,0.4964152077606772
1980,youth,1.0
1980,even,1.0
1980,africans,1.0
1980,become,0.7563451753365107
1980,apartheid,0.6541727415180053
1980,every,0.7091731112374299
1980,life,0.7050343951168794
1980,world,1.0
