term,score
apartheid,1.1496951439240701
africans,1.0
even,1.0
world,1.0
youth,1.0
become,0.7563095348711951
every,0.7094643445679966
life,0.7047413311185197
look,0.6162977854989651
constitutional,0.6121073617729919
