year,term,score
1980,men,0.5724692670652385
1980,women,0.5376241463023684
1980,children,0.5012711752715884
1980,country,0.36327183268219204
1980,people,1.0
1980,apartheid,1.0
1980,within,1.0
1980,movement,0.5763559403565831
1980,continue,0.5531418856487541
1980,apartheid,0.47523058673052243
1980,country,0.36878689482190496
1980,live,1.0
