year,term,score
1980,look,0.6157659957669923
1980,constitutional,0.6124256738486834
1980,apartheid,0.4957489611366526
1980,youth,1.0
1980,even,1.0
1980,africans,1.0
1980,become,0.7563048623988777
1980,apartheid,0.6542193478580519
1980,every,0.7094641118335374
1980,life,0.704741565412634
1980,world,1.0
