year,term,score
1980,men,0.57289536754323
1980,women,0.5375388371288884
1980,children,0.500598255618673
1980,country,0.3636540703706909
1980,people,1.0
1980,apartheid,1.0
1980,victory,0.7249354073125056
1980,within,0.6888168517281292
1980,movement,0.5763566820323294
1980,continue,0.5534394632440394
1980,apartheid,0.4740258889318274
1980,country,0.36988808067201173
