term,score
apartheid,1.1499683089947046
africans,1.0
even,1.0
world,1.0
youth,1.0
become,0.7563048623988777
every,0.7094641118335374
life,0.704741565412634
look,0.6157659957669923
constitutional,0.6124256738486834
