term,score
apartheid,1.4740258889318274
people,1.0
country,0.7335421510427027
victory,0.7249354073125056
within,0.6888168517281292
movement,0.5763566820323294
men,0.57289536754323
continue,0.5534394632440394
women,0.5375388371288884
children,0.500598255618673
