term,score
apartheid,1.4752305867305224
live,1.0
people,1.0
within,1.0
country,0.7320587275040971
movement,0.5763559403565831
men,0.5724692670652385
continue,0.5531418856487541
women,0.5376241463023684
children,0.5012711752715884
