term,score
apartheid,1.1505879492786826
africans,1.0
even,1.0
world,1.0
youth,1.0
become,0.7563451753365107
every,0.7091731112374299
life,0.7050343951168794
look,0.6162880887289638
constitutional,0.6113599047980857
