term,score
freedom,1.6827302803881756
apartheid,1.0
spirit,1.0
years,1.0
people,0.7610968492159478
world,0.6340631748761133
amongst,0.6091915593093439
peace,0.5881327472488996
care,0.5383873400708565
free,0.5142539070902696
even,0.48641398407053316
life,0.46273313796363547
land,0.4517675649641284
confidence,0.43724450857798736
struggle,0.41146472373987136
