term,score
freedom,1.6831524603448822
apartheid,1.0
spirit,1.0
years,1.0
people,0.7627525039900975
world,0.6338321175157662
amongst,0.6092034922670773
peace,0.5878113414066759
care,0.5391632813567734
free,0.5144702213346554
even,0.48636863029172145
life,0.4622992534601353
land,0.4480177811849158
confidence,0.438481005176829
struggle,0.41246437716246315
