term,score
congress,1.6676892176687275
national,1.5959631321590486
power,1.5083785613451228
african,1.1911425884396416
across,1.0
apartheid,1.0
different,1.0
today,1.0
others,1.0
peoples,0.5058892903879212
forward,0.4783400823587219
organisation,0.4751420804635905
future,0.4477632053242492
unity,0.43606451550902847
years,0.372629970180186
south africa,0.33791074793852843
africa,0.31994433967557867
people,0.31361067299393397
south,0.2909044804558793
