term,score
congress,1.6674433840348746
national,1.5962182116377814
power,1.5082652158664416
african,1.1909248024129317
across,1.0
apartheid,1.0
different,1.0
today,1.0
others,1.0
peoples,0.5063352121156918
forward,0.47832688046105126
organisation,0.47497100388512925
future,0.4479548147266135
unity,0.43604884077405487
years,0.37261058494948945
south africa,0.3379081145482111
africa,0.31992824040147955
people,0.31352330262844874
south,0.2908724363077071
