term,score
congress,1.6654907020379626
national,1.5957124876281346
power,1.509762578305547
african,1.1916767997950632
across,1.0
apartheid,1.0
different,1.0
today,1.0
others,1.0
peoples,0.5057336867007993
forward,0.4789375602099267
organisation,0.4759561296266728
future,0.4482953708811923
unity,0.43616997534385143
years,0.37321794271953435
south africa,0.3367018376257158
africa,0.3190825351735746
people,0.31396448792481174
south,0.28998194300637486
