term,score
world,1.0
always,0.6475490166754891
lives,0.5936725817394142
struggle,0.555790311423716
together,0.5213227414281251
today,0.4686425973755079
south africa,0.40312339303133304
africa,0.3806730770291286
south,0.3471404903379563
