year,term,score
1986,lives,0.6111000124058767
1986,today,0.47170732284547157
1986,south africa,0.3914077518390568
1986,africa,0.3705811962899822
1986,south,0.3369251032025907
1986,world,1.0
