term,score
support,0.6687182821618053
world,0.5829089798500019
people,0.46155495914657246
