year,term,score
1986,lives,0.612230945309896
1986,today,0.4725774820453352
1986,south africa,0.3901589466427151
1986,africa,0.36974228205370724
1986,south,0.33602147890426004
1986,world,1.0
