term,score
world,1.0
lives,0.612230945309896
today,0.4725774820453352
south africa,0.3901589466427151
africa,0.36974228205370724
south,0.33602147890426004
