term,score
victory,1.7045294230291534
cannot,1.0
powerful,1.0
share,0.7553686486693179
oppression,0.7096747790968819
always,0.67034307794513
today,0.6553000874465748
support,0.6417096078830641
world,0.5983404460417023
together,0.5661240952200028
strength,0.5372682688762431
death,0.5342199086578308
people,0.47978900548176445
struggle,0.4797329117982029
new,0.46161134433425105
free,0.46137497031619457
