year,term,score
1986,support,0.6687182821618053
1986,world,0.5829089798500019
1986,people,0.46155495914657246
