term,score
support,0.668737592505535
world,0.582879836879021
people,0.46156378554841876
