term,score
victory,1.704492697801565
cannot,1.0
share,0.7555300800684293
oppression,0.7097112361688186
always,0.6699205510757781
today,0.655113958110948
support,0.6417531449045409
world,0.5979416491390058
together,0.5662405019206876
strength,0.5377471815109639
death,0.5341442144866244
people,0.48022774308660815
struggle,0.48018553625753213
new,0.46149631928691376
free,0.46101960282846144
