term,score
world,1.0
always,0.6479111927188232
lives,0.5945364310359676
struggle,0.5559620323375946
together,0.5206892594904599
today,0.4703332639910642
south africa,0.40172619272863375
africa,0.3797404825022056
south,0.34601486236760787
