term,score
world,1.0
lives,0.6111381926435037
today,0.47174882776061117
south africa,0.39134926751825666
africa,0.3705415815936928
south,0.33690924612110207
