term,score
world,1.0
always,0.6475556663336638
lives,0.5936275514752447
struggle,0.5557879516514824
together,0.5213169974192421
today,0.4685956533387099
south africa,0.40318909951469656
africa,0.3807160436188003
south,0.3471574397378647
