term,score
support,0.6688602884937535
world,0.5824282026144443
people,0.46195595382607724
