year,term,score
1986,support,0.668737592505535
1986,world,0.582879836879021
1986,people,0.46156378554841876
