term,score
victory,1.704492147193889
cannot,1.0
powerful,1.0
share,0.7557501897560749
oppression,0.709711782727428
always,0.669691205348941
today,0.6548600237330546
support,0.6417442143893816
world,0.5979219755257857
together,0.5666829521936053
strength,0.5376962391058274
death,0.5340928652144499
people,0.48026417155675594
struggle,0.4799834592685697
new,0.4614367662111151
free,0.4611980882084151
