term,score
world,1.0
lives,0.6111000124058767
today,0.47170732284547157
south africa,0.3914077518390568
africa,0.3705811962899822
south,0.3369251032025907
