year,term,score
1986,lives,0.6111381926435037
1986,today,0.47174882776061117
1986,south africa,0.39134926751825666
1986,africa,0.3705415815936928
1986,south,0.33690924612110207
1986,world,1.0
